-- phpMyAdmin SQL Dump
-- version 4.6.4
-- https://www.phpmyadmin.net/
--
-- Φιλοξενητής: 127.0.0.1
-- Χρόνος δημιουργίας: 03 Οκτ 2017 στις 01:56:28
-- Έκδοση διακομιστή: 5.7.14
-- Έκδοση PHP: 5.6.25

SET SQL_MODE = "NO_AUTO_VALUE_ON_ZERO";
SET time_zone = "+00:00";


/*!40101 SET @OLD_CHARACTER_SET_CLIENT=@@CHARACTER_SET_CLIENT */;
/*!40101 SET @OLD_CHARACTER_SET_RESULTS=@@CHARACTER_SET_RESULTS */;
/*!40101 SET @OLD_COLLATION_CONNECTION=@@COLLATION_CONNECTION */;
/*!40101 SET NAMES utf8mb4 */;

--
-- Βάση δεδομένων: `hermes_courier`
--

-- --------------------------------------------------------

--
-- Δομή πίνακα για τον πίνακα `admin`
--

CREATE TABLE `admin` (
  `username` varchar(50) COLLATE utf8_unicode_ci NOT NULL,
  `password` varchar(50) COLLATE utf8_unicode_ci DEFAULT NULL
) ENGINE=InnoDB DEFAULT CHARSET=utf8 COLLATE=utf8_unicode_ci;

--
-- Άδειασμα δεδομένων του πίνακα `admin`
--

INSERT INTO `admin` (`username`, `password`) VALUES
('admin', 'admin');

-- --------------------------------------------------------

--
-- Δομή πίνακα για τον πίνακα `local_employee`
--

CREATE TABLE `local_employee` (
  `username` varchar(50) COLLATE utf8_unicode_ci NOT NULL,
  `password` varchar(50) COLLATE utf8_unicode_ci NOT NULL,
  `όνομα` varchar(50) COLLATE utf8_unicode_ci NOT NULL,
  `επίθετο` varchar(50) COLLATE utf8_unicode_ci NOT NULL,
  `local_store` varchar(50) COLLATE utf8_unicode_ci NOT NULL
) ENGINE=InnoDB DEFAULT CHARSET=utf8 COLLATE=utf8_unicode_ci;

--
-- Άδειασμα δεδομένων του πίνακα `local_employee`
--

INSERT INTO `local_employee` (`username`, `password`, `όνομα`, `επίθετο`, `local_store`) VALUES
('geo', '', 'giwrgos', 'κατι', 'Local_1'),
('giwrgos', 'κατι', 'geo', '1234', 'Local_1'),
('jim', 'jim', 'Δημήτρης', 'Παπάς', 'Local_1 Αλεξανδρούπολης'),
('john', '1234', 'Γιάννης', 'Παπαδόπουλος', 'Local_1 Καλαμάτας'),
('marios', 'marios', 'Μάριος', 'Γεωργίου', 'Local_1 Αλεξανδρούπολης');

-- --------------------------------------------------------

--
-- Δομή πίνακα για τον πίνακα `local_store`
--

CREATE TABLE `local_store` (
  `Όνομα` varchar(50) COLLATE utf8_unicode_ci NOT NULL,
  `Πόλη` varchar(20) COLLATE utf8_unicode_ci DEFAULT NULL,
  `ΤΚ` int(15) DEFAULT NULL,
  `Οδός` varchar(50) COLLATE utf8_unicode_ci DEFAULT NULL,
  `Αριθμός` int(10) DEFAULT NULL,
  `Γ_Πλάτος` double DEFAULT NULL,
  `Γ_Μήκος` double DEFAULT NULL,
  `Τηλέφωνο` varchar(50) COLLATE utf8_unicode_ci NOT NULL,
  `Transit_hub` varchar(50) COLLATE utf8_unicode_ci DEFAULT NULL
) ENGINE=InnoDB DEFAULT CHARSET=utf8 COLLATE=utf8_unicode_ci;

--
-- Άδειασμα δεδομένων του πίνακα `local_store`
--

INSERT INTO `local_store` (`Όνομα`, `Πόλη`, `ΤΚ`, `Οδός`, `Αριθμός`, `Γ_Πλάτος`, `Γ_Μήκος`, `Τηλέφωνο`, `Transit_hub`) VALUES
('Local_1 Αλεξανδρούπολης', 'Αλεξανδρούπολη', 68100, 'Πλαταιών', 10, 40.845904, 25.864517, '2109867489', 'Transit Αλεξανδρούπολης'),
('Local_1 Θεσσαλονίκης', 'Θεσσαλονίκη', 54623, 'Τσιμισκή', 51, 40.632457, 22.943709, '', 'Transit Θεσσαλονίκης'),
('Local_1 Καλαμάτας', 'Καλαμάτα', 24100, 'Ασίνης', 9, 37.026096, 22.113111, '', 'Transit Καλαμάτας'),
('Local_1 Μυτιλήνης', 'Μυτιλήνη', 81100, 'Αριώνος', 14, 39.106459, 26.555532, '', 'Transit Μυτιλήνης'),
('Local_1 Πάτρας', 'Πάτρα ', 26221, 'Ερμού', 2, 38.246312, 21.73259, '2610421010', 'Transit Πάτρας');

-- --------------------------------------------------------

--
-- Δομή πίνακα για τον πίνακα `locations`
--

CREATE TABLE `locations` (
  `date` varchar(50) COLLATE utf8_unicode_ci NOT NULL,
  `tracking_number` varchar(50) COLLATE utf8_unicode_ci NOT NULL,
  `location` varchar(50) COLLATE utf8_unicode_ci NOT NULL
) ENGINE=InnoDB DEFAULT CHARSET=utf8 COLLATE=utf8_unicode_ci;

--
-- Άδειασμα δεδομένων του πίνακα `locations`
--

INSERT INTO `locations` (`date`, `tracking_number`, `location`) VALUES
('11:50:20 μ.μ.', 'AL1506789875KA', 'Πάτρα ');

-- --------------------------------------------------------

--
-- Δομή πίνακα για τον πίνακα `package`
--

CREATE TABLE `package` (
  `trn` varchar(100) COLLATE utf8_unicode_ci NOT NULL,
  `Βάρος` int(50) DEFAULT NULL,
  `Τύπος` varchar(50) COLLATE utf8_unicode_ci DEFAULT NULL,
  `Αποστολέας` varchar(50) COLLATE utf8_unicode_ci DEFAULT NULL,
  `Παραλήπτης` varchar(50) COLLATE utf8_unicode_ci DEFAULT NULL,
  `Έναρξη` varchar(50) COLLATE utf8_unicode_ci DEFAULT NULL,
  `Προορισμός` varchar(50) COLLATE utf8_unicode_ci DEFAULT NULL,
  `Ημ_Καταχώρησης` varchar(50) COLLATE utf8_unicode_ci DEFAULT NULL,
  `Ώρα_Καταχώρησης` varchar(50) COLLATE utf8_unicode_ci DEFAULT NULL,
  `Ημ_Παράδοσης` varchar(50) COLLATE utf8_unicode_ci DEFAULT NULL,
  `Κόστος` int(50) DEFAULT NULL,
  `Τοποθεσία` varchar(50) COLLATE utf8_unicode_ci DEFAULT NULL,
  `Local_start` varchar(50) COLLATE utf8_unicode_ci NOT NULL,
  `Local_dest` varchar(50) COLLATE utf8_unicode_ci NOT NULL,
  `status` varchar(50) COLLATE utf8_unicode_ci NOT NULL
) ENGINE=InnoDB DEFAULT CHARSET=utf8 COLLATE=utf8_unicode_ci;

--
-- Άδειασμα δεδομένων του πίνακα `package`
--

INSERT INTO `package` (`trn`, `Βάρος`, `Τύπος`, `Αποστολέας`, `Παραλήπτης`, `Έναρξη`, `Προορισμός`, `Ημ_Καταχώρησης`, `Ώρα_Καταχώρησης`, `Ημ_Παράδοσης`, `Κόστος`, `Τοποθεσία`, `Local_start`, `Local_dest`, `status`) VALUES
('01506995291KA', 456, 'express', 'μαρία', 'Παύλος', 'Πάτρα ', 'Καλαμάτα', '3/10/2017', '4:48:11 π.μ.', NULL, NULL, 'Αλεξανδρούπολη', 'Local_1 Αλεξανδρούπολης', 'Local_1 Καλαμάτας', 'posted'),
('01506995303KA', 456, 'express', 'μαρία', 'Παύλος', 'Πάτρα ', 'Καλαμάτα', '3/10/2017', '4:48:23 π.μ.', NULL, NULL, 'Αλεξανδρούπολη', 'Local_1 Αλεξανδρούπολης', 'Local_1 Καλαμάτας', 'posted'),
('01506995307KA', 456, 'express', 'μαρία', 'Παύλος', 'Πάτρα ', 'Καλαμάτα', '3/10/2017', '4:48:23 π.μ.', NULL, NULL, 'Αλεξανδρούπολη', 'Local_1 Αλεξανδρούπολης', 'Local_1 Καλαμάτας', 'posted'),
('01506995310KA', 456, 'express', 'μαρία', 'Παύλος', 'Πάτρα ', 'Καλαμάτα', '3/10/2017', '4:48:23 π.μ.', NULL, NULL, 'Αλεξανδρούπολη', 'Local_1 Αλεξανδρούπολης', 'Local_1 Καλαμάτας', 'posted'),
('01506995339KA', 456, 'express', 'μαρία', 'Παύλος', 'Πάτρα ', 'Καλαμάτα', '3/10/2017', '4:48:59 π.μ.', NULL, NULL, 'Αλεξανδρούπολη', 'Local_1 Αλεξανδρούπολης', 'Local_1 Καλαμάτας', 'posted'),
('01506995356KA', 456, 'express', 'μαρία', 'Παύλος', 'Πάτρα ', 'Καλαμάτα', '3/10/2017', '4:49:16 π.μ.', NULL, NULL, 'Αλεξανδρούπολη', 'Local_1 Αλεξανδρούπολης', 'Local_1 Καλαμάτας', 'posted'),
('AL1506788586KA', 456, 'απλό', 'Γιάννης', 'Παύλος', 'Αλεξανδρούπολη', 'Καλαμάτα', '30/9/2017', '7:23:06 μ.μ.', NULL, NULL, 'Αλεξανδρούπολη', 'Local_1 Αλεξανδρούπολης', 'Local_1 Καλαμάτας', 'posted'),
('AL1506788884KA', 456, 'απλό', 'Γιάννης', 'Παύλος', 'Αλεξανδρούπολη', 'Καλαμάτα', '30/9/2017', '7:28:04 μ.μ.', NULL, NULL, 'Αλεξανδρούπολη', 'Local_1 Αλεξανδρούπολης', 'Local_1 Καλαμάτας', 'posted'),
('AL1506788914KA', 456, 'απλό', 'Γιάννης', 'Παύλος', 'Αλεξανδρούπολη', 'Καλαμάτα', '30/9/2017', '7:28:04 μ.μ.', NULL, NULL, 'Αλεξανδρούπολη', 'Local_1 Αλεξανδρούπολης', 'Local_1 Καλαμάτας', 'posted'),
('AL1506788917KA', 456, 'απλό', 'Γιάννης', 'Παύλος', 'Αλεξανδρούπολη', 'Καλαμάτα', '30/9/2017', '7:28:37 μ.μ.', NULL, NULL, 'Αλεξανδρούπολη', 'Local_1 Αλεξανδρούπολης', 'Local_1 Καλαμάτας', 'posted'),
('AL1506788968KA', 456, 'απλό', 'Γιάννης', 'Παύλος', 'Αλεξανδρούπολη', 'Καλαμάτα', '30/9/2017', '7:29:28 μ.μ.', NULL, NULL, 'Αλεξανδρούπολη', 'Local_1 Αλεξανδρούπολης', 'Local_1 Καλαμάτας', 'posted'),
('AL1506789077KA', 456, 'απλό', 'Γιάννης', 'Παύλος', 'Αλεξανδρούπολη', 'Καλαμάτα', '30/9/2017', '7:31:17 μ.μ.', NULL, NULL, 'Αλεξανδρούπολη', 'Local_1 Αλεξανδρούπολης', 'Local_1 Καλαμάτας', 'posted'),
('AL1506789102KA', 456, 'απλό', 'Γιάννης', 'Παύλος', 'Αλεξανδρούπολη', 'Καλαμάτα', '30/9/2017', '7:31:17 μ.μ.', NULL, NULL, 'Αλεξανδρούπολη', 'Local_1 Αλεξανδρούπολης', 'Local_1 Καλαμάτας', 'posted'),
('AL1506789110KA', 456, 'απλό', 'Γιάννης', 'Παύλος', 'Αλεξανδρούπολη', 'Καλαμάτα', '30/9/2017', '7:31:50 μ.μ.', NULL, NULL, 'Αλεξανδρούπολη', 'Local_1 Αλεξανδρούπολης', 'Local_1 Καλαμάτας', 'posted'),
('AL1506789130KA', 456, 'απλό', 'Γιάννης', 'Παύλος', 'Αλεξανδρούπολη', 'Καλαμάτα', '30/9/2017', '7:32:10 μ.μ.', NULL, NULL, 'Αλεξανδρούπολη', 'Local_1 Αλεξανδρούπολης', 'Local_1 Καλαμάτας', 'posted'),
('AL1506789716KA', 456, 'απλό', 'Γιάννης', 'Παύλος', 'Αλεξανδρούπολη', 'Καλαμάτα', '30/9/2017', '7:41:56 μ.μ.', NULL, NULL, 'Αλεξανδρούπολη', 'Local_1 Αλεξανδρούπολης', 'Local_1 Καλαμάτας', 'posted'),
('AL1506789854KA', 456, 'απλό', 'Γιάννης', 'Παύλος', 'Αλεξανδρούπολη', 'Καλαμάτα', '30/9/2017', '7:44:14 μ.μ.', NULL, NULL, 'Αλεξανδρούπολη', 'Local_1 Αλεξανδρούπολης', 'Local_1 Καλαμάτας', 'posted'),
('AL1506789875KA', 456, 'απλό', 'Γιάννης', 'Παύλος', 'Αλεξανδρούπολη', 'Καλαμάτα', '30/9/2017', '7:44:14 μ.μ.', NULL, NULL, 'Αλεξανδρούπολη', 'Local_1 Αλεξανδρούπολης', 'Local_1 Καλαμάτας', 'delivered'),
('AL1506881992KA', 456, 'απλό', 'μαρία', 'λούλα', 'Αλεξανδρούπολη', 'Καλαμάτα', '1/10/2017', '9:19:52 μ.μ.', NULL, NULL, 'Αλεξανδρούπολη', 'Local_1 Αλεξανδρούπολης', 'Local_1 Καλαμάτας', 'posted'),
('AL1506882246KA', 456, 'απλό', 'μαρία', 'λούλα', 'Αλεξανδρούπολη', 'Καλαμάτα', '1/10/2017', '9:19:52 μ.μ.', NULL, NULL, 'Αλεξανδρούπολη', 'Local_1 Αλεξανδρούπολης', 'Local_1 Καλαμάτας', 'posted'),
('AL1506961497LA', 456, 'express', 'μαρία', 'antwnis', 'Αλεξανδρούπολη', 'Λάρισα', '2/10/2017', '7:24:57 μ.μ.', NULL, NULL, 'Αλεξανδρούπολη', 'Local_1 Αλεξανδρούπολης', '', 'posted'),
('AL1506993591HR', 456, 'express', 'μαρία', 'Παύλος', 'Αλεξανδρούπολη', 'Ηράκλειο', '3/10/2017', '4:19:51 π.μ.', NULL, NULL, 'Αλεξανδρούπολη', 'Local_1 Αλεξανδρούπολης', '', 'posted'),
('AL1506993651HR', 456, 'express', 'μαρία', 'Παύλος', 'Αλεξανδρούπολη', 'Ηράκλειο', '3/10/2017', '4:19:51 π.μ.', NULL, NULL, 'Αλεξανδρούπολη', 'Local_1 Αλεξανδρούπολης', '', 'posted'),
('AL1506993687HR', 456, 'express', 'μαρία', 'Παύλος', 'Αλεξανδρούπολη', 'Ηράκλειο', '3/10/2017', '4:19:51 π.μ.', NULL, NULL, 'Αλεξανδρούπολη', 'Local_1 Αλεξανδρούπολης', '', 'posted'),
('AL1506993807HR', 456, 'express', 'μαρία', 'Παύλος', 'Αλεξανδρούπολη', 'Ηράκλειο', '3/10/2017', '4:19:51 π.μ.', NULL, NULL, 'Αλεξανδρούπολη', 'Local_1 Αλεξανδρούπολης', '', 'posted'),
('AL1506993942HR', 456, 'express', 'μαρία', 'Παύλος', 'Αλεξανδρούπολη', 'Ηράκλειο', '3/10/2017', '4:19:51 π.μ.', NULL, NULL, 'Αλεξανδρούπολη', 'Local_1 Αλεξανδρούπολης', '', 'posted'),
('AL1506994000HR', 456, 'express', 'μαρία', 'Παύλος', 'Αλεξανδρούπολη', 'Ηράκλειο', '3/10/2017', '4:19:51 π.μ.', NULL, NULL, 'Αλεξανδρούπολη', 'Local_1 Αλεξανδρούπολης', '', 'posted'),
('AL1506994247HR', 456, 'express', 'μαρία', 'Παύλος', 'Αλεξανδρούπολη', 'Ηράκλειο', '3/10/2017', '4:19:51 π.μ.', NULL, NULL, 'Αλεξανδρούπολη', 'Local_1 Αλεξανδρούπολης', '', 'posted'),
('AS1500910916HR', 222, 'aplo', 'maria ', 'loula', 'Ασπρόπυργος', 'Ηράκλειο', '‎24‎/‎7‎/‎2017', '‎6‎:‎41‎:‎55‎ ‎μμ', NULL, NULL, 'Θεσσαλονίκη', '', '', 'pending'),
('AS1501182123TH', 56, 'aplo', 'dimitris', 'antwnis', 'Ασπρόπυργος', 'Θεσσαλονίκη', '27/7/2017', '10:02:03 μ.μ.', NULL, NULL, '', '', '', ''),
('HR1506882672KA', 456, 'απλό', 'μαρία', 'λούλα', 'Ηράκλειο', 'Καλαμάτα', '1/10/2017', '9:31:12 μ.μ.', NULL, NULL, 'Αλεξανδρούπολη', 'Local_1 Αλεξανδρούπολης', 'Local_1 Καλαμάτας', 'posted'),
('HR1506882742KA', 456, 'απλό', 'μαρία', 'λούλα', 'Ηράκλειο', 'Καλαμάτα', '1/10/2017', '9:31:12 μ.μ.', NULL, NULL, 'Αλεξανδρούπολη', 'Local_1 Αλεξανδρούπολης', 'Local_1 Καλαμάτας', 'posted'),
('HR1506882999KA', 456, 'express', 'μαρία', 'λούλα', 'Ηράκλειο', 'Καλαμάτα', '1/10/2017', '9:36:39 μ.μ.', NULL, NULL, 'Αλεξανδρούπολη', 'Local_1 Αλεξανδρούπολης', 'Local_1 Καλαμάτας', 'posted'),
('HR1506883324KA', 456, 'express', 'μαρία', 'λούλα', 'Ηράκλειο', 'Καλαμάτα', '1/10/2017', '9:42:04 μ.μ.', NULL, NULL, 'Αλεξανδρούπολη', 'Local_1 Αλεξανδρούπολης', 'Local_1 Καλαμάτας', 'posted'),
('HR1506883409KA', 456, 'express', 'μαρία', 'λούλα', 'Ηράκλειο', 'Καλαμάτα', '1/10/2017', '9:42:04 μ.μ.', NULL, NULL, 'Αλεξανδρούπολη', 'Local_1 Αλεξανδρούπολης', 'Local_1 Καλαμάτας', 'posted'),
('HR1506883424KA', 456, 'express', 'μαρία', 'λούλα', 'Ηράκλειο', 'Καλαμάτα', '1/10/2017', '9:42:04 μ.μ.', NULL, NULL, 'Αλεξανδρούπολη', 'Local_1 Αλεξανδρούπολης', 'Local_1 Καλαμάτας', 'posted'),
('HR1506883523KA', 456, 'express', 'μαρία', 'λούλα', 'Ηράκλειο', 'Καλαμάτα', '1/10/2017', '9:42:04 μ.μ.', NULL, NULL, 'Αλεξανδρούπολη', 'Local_1 Αλεξανδρούπολης', 'Local_1 Καλαμάτας', 'posted'),
('HR1506883554KA', 456, 'express', 'μαρία', 'λούλα', 'Ηράκλειο', 'Καλαμάτα', '1/10/2017', '9:42:04 μ.μ.', NULL, NULL, 'Αλεξανδρούπολη', 'Local_1 Αλεξανδρούπολης', 'Local_1 Καλαμάτας', 'posted'),
('HR1506883631KA', 456, 'express', 'μαρία', 'λούλα', 'Ηράκλειο', 'Καλαμάτα', '1/10/2017', '9:42:04 μ.μ.', NULL, NULL, 'Αλεξανδρούπολη', 'Local_1 Αλεξανδρούπολης', 'Local_1 Καλαμάτας', 'posted'),
('HR1506883734KA', 456, 'express', 'μαρία', 'λούλα', 'Ηράκλειο', 'Καλαμάτα', '1/10/2017', '9:42:04 μ.μ.', NULL, NULL, 'Αλεξανδρούπολη', 'Local_1 Αλεξανδρούπολης', 'Local_1 Καλαμάτας', 'posted'),
('HR1506883878KA', 456, 'express', 'μαρία', 'λούλα', 'Ηράκλειο', 'Καλαμάτα', '1/10/2017', '9:42:04 μ.μ.', NULL, NULL, 'Αλεξανδρούπολη', 'Local_1 Αλεξανδρούπολης', 'Local_1 Καλαμάτας', 'posted'),
('HR1506883976KA', 456, 'express', 'μαρία', 'λούλα', 'Ηράκλειο', 'Καλαμάτα', '1/10/2017', '9:42:04 μ.μ.', NULL, NULL, 'Αλεξανδρούπολη', 'Local_1 Αλεξανδρούπολης', 'Local_1 Καλαμάτας', 'posted'),
('HR1506886136KA', 456, 'express', 'μαρία', 'λούλα', 'Ηράκλειο', 'Καλαμάτα', '1/10/2017', '10:28:56 μ.μ.', NULL, NULL, 'Αλεξανδρούπολη', 'Local_1 Αλεξανδρούπολης', 'Local_1 Καλαμάτας', 'posted'),
('HR1506886485KA', 456, 'express', 'μαρία', 'λούλα', 'Ηράκλειο', 'Καλαμάτα', '1/10/2017', '10:28:56 μ.μ.', NULL, NULL, 'Αλεξανδρούπολη', 'Local_1 Αλεξανδρούπολης', 'Local_1 Καλαμάτας', 'posted'),
('HR1506891796TH', 456, 'απλό', 'Γιάννης', 'Παύλος', 'Ηράκλειο', 'Θεσσαλονίκη', '2/10/2017', '12:03:16 π.μ.', NULL, NULL, 'Αλεξανδρούπολη', 'Local_1 Αλεξανδρούπολης', 'Local_1 Θεσσαλονίκης', 'posted'),
('HR1506960102KA', 456, 'express', 'Γιάννης', 'antwnis', 'Ηράκλειο', 'Καλαμάτα', '2/10/2017', '7:01:41 μ.μ.', NULL, NULL, 'Αλεξανδρούπολη', 'Local_1 Αλεξανδρούπολης', 'Local_1 Καλαμάτας', 'posted'),
('HR1506961237KA', 456, 'express', 'μαρία', 'antwnis', 'Ηράκλειο', 'Καλαμάτα', '2/10/2017', '7:20:37 μ.μ.', NULL, NULL, 'Αλεξανδρούπολη', 'Local_1 Αλεξανδρούπολης', 'Local_1 Καλαμάτας', 'posted'),
('HR1506961355KA', 456, 'express', 'μαρία', 'antwnis', 'Ηράκλειο', 'Καλαμάτα', '2/10/2017', '7:22:35 μ.μ.', NULL, NULL, 'Αλεξανδρούπολη', 'Local_1 Αλεξανδρούπολης', 'Local_1 Καλαμάτας', 'posted'),
('HR1506987286KA', 456, 'express', 'μαρία', 'Παύλος', 'Ηράκλειο', 'Καλαμάτα', '3/10/2017', '2:34:46 π.μ.', NULL, NULL, 'Αλεξανδρούπολη', 'Local_1 Αλεξανδρούπολης', 'Local_1 Καλαμάτας', 'posted'),
('HR1506987659KA', 456, 'express', 'μαρία', 'Παύλος', 'Ηράκλειο', 'Καλαμάτα', '3/10/2017', '2:40:59 π.μ.', NULL, NULL, 'Αλεξανδρούπολη', 'Local_1 Αλεξανδρούπολης', 'Local_1 Ασπρόπυργος', 'posted'),
('HR1506987722KA', 456, 'express', 'μαρία', 'Παύλος', 'Ηράκλειο', 'Καλαμάτα', '3/10/2017', '2:42:02 π.μ.', NULL, NULL, 'Αλεξανδρούπολη', 'Local_1 Αλεξανδρούπολης', 'Local_1 Ασπρόπυργος', 'posted'),
('HR1506987879KA', 456, 'express', 'μαρία', 'Παύλος', 'Ηράκλειο', 'Καλαμάτα', '3/10/2017', '2:44:39 π.μ.', NULL, NULL, 'Αλεξανδρούπολη', 'Local_1 Αλεξανδρούπολης', 'Local_1 Ασπρόπυργος', 'posted'),
('HR1506987913AL', 456, 'express', 'μαρία', 'Παύλος', 'Ηράκλειο', 'Αλεξανδρούπολη', '3/10/2017', '2:45:13 π.μ.', NULL, NULL, 'Αλεξανδρούπολη', 'Local_1 Αλεξανδρούπολης', 'Local_1 Ασπρόπυργος', 'posted'),
('HR1506988626AL', 456, 'express', 'μαρία', 'Παύλος', 'Ηράκλειο', 'Αλεξανδρούπολη', '3/10/2017', '2:57:06 π.μ.', NULL, NULL, 'Αλεξανδρούπολη', 'Local_1 Αλεξανδρούπολης', 'Local_1 Ασπρόπυργος', 'posted'),
('HR1506988645AL', 456, 'express', 'μαρία', 'Παύλος', 'Ηράκλειο', 'Αλεξανδρούπολη', '3/10/2017', '2:57:25 π.μ.', NULL, NULL, 'Αλεξανδρούπολη', 'Local_1 Αλεξανδρούπολης', 'Local_1 Ασπρόπυργος', 'posted'),
('HR1506988682KA', 456, 'express', 'μαρία', 'Παύλος', 'Ηράκλειο', 'Καλαμάτα', '3/10/2017', '2:58:02 π.μ.', NULL, NULL, 'Αλεξανδρούπολη', 'Local_1 Αλεξανδρούπολης', 'Local_1 Καλαμάτας', 'posted'),
('HR1506988780KA', 456, 'express', 'μαρία', 'Παύλος', 'Ηράκλειο', 'Καλαμάτα', '3/10/2017', '2:59:40 π.μ.', NULL, NULL, 'Αλεξανδρούπολη', 'Local_1 Αλεξανδρούπολης', 'Local_1 Καλαμάτας', 'posted'),
('HR1506988957KA', 456, 'express', 'μαρία', 'Παύλος', 'Ηράκλειο', 'Καλαμάτα', '3/10/2017', '3:02:37 π.μ.', NULL, NULL, 'Αλεξανδρούπολη', 'Local_1 Αλεξανδρούπολης', 'Local_1 Καλαμάτας', 'posted'),
('HR1506989010KA', 456, 'express', 'μαρία', 'Παύλος', 'Ηράκλειο', 'Καλαμάτα', '3/10/2017', '3:03:30 π.μ.', NULL, NULL, 'Αλεξανδρούπολη', 'Local_1 Αλεξανδρούπολης', 'Local_1 Καλαμάτας', 'posted'),
('HR1506989254KA', 456, 'express', 'μαρία', 'Παύλος', 'Ηράκλειο', 'Καλαμάτα', '3/10/2017', '3:07:34 π.μ.', NULL, NULL, 'Αλεξανδρούπολη', 'Local_1 Αλεξανδρούπολης', 'Local_1 Καλαμάτας', 'posted'),
('HR1506989353KA', 456, 'express', 'μαρία', 'Παύλος', 'Ηράκλειο', 'Καλαμάτα', '3/10/2017', '3:09:13 π.μ.', NULL, NULL, 'Αλεξανδρούπολη', 'Local_1 Αλεξανδρούπολης', 'Local_1 Καλαμάτας', 'posted'),
('HR1506989450KA', 456, 'express', 'μαρία', 'Παύλος', 'Ηράκλειο', 'Καλαμάτα', '3/10/2017', '3:10:50 π.μ.', NULL, NULL, 'Αλεξανδρούπολη', 'Local_1 Αλεξανδρούπολης', 'Local_1 Καλαμάτας', 'posted'),
('HR1506989545KA', 456, 'express', 'μαρία', 'Παύλος', 'Ηράκλειο', 'Καλαμάτα', '3/10/2017', '3:12:25 π.μ.', NULL, NULL, 'Αλεξανδρούπολη', 'Local_1 Αλεξανδρούπολης', 'Local_1 Καλαμάτας', 'posted'),
('HR1506995086AL', 456, 'απλό', 'μαρία', 'Παύλος', 'Ηράκλειο', 'Αλεξανδρούπολη', '3/10/2017', '4:44:46 π.μ.', NULL, NULL, 'Αλεξανδρούπολη', 'Local_1 Αλεξανδρούπολης', 'Local_1 Αλεξανδρούπολης', 'posted'),
('HR1506995095AL', 456, 'express', 'μαρία', 'Παύλος', 'Ηράκλειο', 'Αλεξανδρούπολη', '3/10/2017', '4:44:55 π.μ.', NULL, NULL, 'Αλεξανδρούπολη', 'Local_1 Αλεξανδρούπολης', 'Local_1 Αλεξανδρούπολης', 'posted'),
('HR1506995163KA', 456, 'express', 'μαρία', 'Παύλος', 'Ηράκλειο', 'Καλαμάτα', '3/10/2017', '4:46:03 π.μ.', NULL, NULL, 'Αλεξανδρούπολη', 'Local_1 Αλεξανδρούπολης', 'Local_1 Καλαμάτας', 'posted'),
('IO1506964217AS', 456, 'express', 'μαρία', 'antwnis', 'Ιωάννινα', 'Ασπρόπυργος', '2/10/2017', '8:10:17 μ.μ.', NULL, NULL, 'Αλεξανδρούπολη', 'Local_1 Αλεξανδρούπολης', '', 'posted'),
('IO1506964365AS', 456, 'express', 'μαρία', 'antwnis', 'Ιωάννινα', 'Ασπρόπυργος', '2/10/2017', '8:12:45 μ.μ.', NULL, NULL, 'Αλεξανδρούπολη', 'Local_1 Αλεξανδρούπολης', '', 'posted'),
('IO1506964392AS', 456, 'express', 'μαρία', 'antwnis', 'Ιωάννινα', 'Ασπρόπυργος', '2/10/2017', '8:12:45 μ.μ.', NULL, NULL, 'Αλεξανδρούπολη', 'Local_1 Αλεξανδρούπολης', '', 'posted'),
('IO1506964520AS', 456, 'express', 'μαρία', 'antwnis', 'Ιωάννινα', 'Ασπρόπυργος', '2/10/2017', '8:12:45 μ.μ.', NULL, NULL, 'Αλεξανδρούπολη', 'Local_1 Αλεξανδρούπολης', '', 'posted'),
('IO1506964603AS', 456, 'express', 'μαρία', 'antwnis', 'Ιωάννινα', 'Ασπρόπυργος', '2/10/2017', '8:12:45 μ.μ.', NULL, NULL, 'Αλεξανδρούπολη', 'Local_1 Αλεξανδρούπολης', '', 'posted'),
('IO1506965873AS', 456, 'express', 'μαρία', 'Παύλος', 'Ιωάννινα', 'Ασπρόπυργος', '2/10/2017', '8:37:53 μ.μ.', NULL, NULL, 'Αλεξανδρούπολη', 'Local_1 Αλεξανδρούπολης', '', 'posted'),
('IO1506965913AS', 456, 'express', 'μαρία', 'Παύλος', 'Ιωάννινα', 'Ασπρόπυργος', '2/10/2017', '8:38:33 μ.μ.', NULL, NULL, 'Αλεξανδρούπολη', 'Local_1 Αλεξανδρούπολης', '', 'posted'),
('IO1506966093AS', 456, 'express', 'μαρία', 'Παύλος', 'Ιωάννινα', 'Ασπρόπυργος', '2/10/2017', '8:38:33 μ.μ.', NULL, NULL, 'Αλεξανδρούπολη', 'Local_1 Αλεξανδρούπολης', '', 'posted'),
('IO1506977751AS', 12, 'express', 'μαρία', 'Παύλος', 'Ιωάννινα', 'Ασπρόπυργος', '2/10/2017', '11:55:31 μ.μ.', NULL, NULL, 'Αλεξανδρούπολη', 'Local_1 Αλεξανδρούπολης', '', 'posted'),
('IO1506977780AS', 12, 'express', 'μαρία', 'Παύλος', 'Ιωάννινα', 'Ασπρόπυργος', '2/10/2017', '11:55:31 μ.μ.', NULL, NULL, 'Αλεξανδρούπολη', 'Local_1 Αλεξανδρούπολης', '', 'posted'),
('IO1506977825AS', 12, 'express', 'μαρία', 'Παύλος', 'Ιωάννινα', 'Ασπρόπυργος', '2/10/2017', '11:55:31 μ.μ.', NULL, NULL, 'Αλεξανδρούπολη', 'Local_1 Αλεξανδρούπολης', '', 'posted'),
('IO1506977992AS', 12, 'express', 'μαρία', 'Παύλος', 'Ιωάννινα', 'Ασπρόπυργος', '2/10/2017', '11:55:31 μ.μ.', NULL, NULL, 'Αλεξανδρούπολη', 'Local_1 Αλεξανδρούπολης', '', 'posted'),
('IO1506987369AS', 456, 'express', 'μαρία', 'Παύλος', 'Ιωάννινα', 'Ασπρόπυργος', '3/10/2017', '2:36:09 π.μ.', NULL, NULL, 'Αλεξανδρούπολη', 'Local_1 Αλεξανδρούπολης', 'Local_1 Ασπρόπυργος', 'posted'),
('IO1506987489AS', 456, 'express', 'μαρία', 'Παύλος', 'Ιωάννινα', 'Ασπρόπυργος', '3/10/2017', '2:37:48 π.μ.', NULL, NULL, 'Αλεξανδρούπολη', 'Local_1 Αλεξανδρούπολης', 'Local_1 Ασπρόπυργος', 'posted'),
('IO1506987588AS', 456, 'express', 'μαρία', 'Παύλος', 'Ιωάννινα', 'Ασπρόπυργος', '3/10/2017', '2:38:33 π.μ.', NULL, NULL, 'Αλεξανδρούπολη', 'Local_1 Αλεξανδρούπολης', 'Local_1 Ασπρόπυργος', 'posted'),
('IO1506987589AS', 456, 'express', 'μαρία', 'Παύλος', 'Ιωάννινα', 'Ασπρόπυργος', '3/10/2017', '2:39:26 π.μ.', NULL, NULL, 'Αλεξανδρούπολη', 'Local_1 Αλεξανδρούπολης', 'Local_1 Ασπρόπυργος', 'posted'),
('IO1506987616AS', 456, 'express', 'μαρία', 'Παύλος', 'Ιωάννινα', 'Ασπρόπυργος', '3/10/2017', '2:40:16 π.μ.', NULL, NULL, 'Αλεξανδρούπολη', 'Local_1 Αλεξανδρούπολης', 'Local_1 Ασπρόπυργος', 'posted'),
('KA1506892026TH', 456, 'απλό', 'Γιάννης', 'Παύλος', 'Καλαμάτα', 'Θεσσαλονίκη', '2/10/2017', '12:07:06 π.μ.', NULL, NULL, 'Αλεξανδρούπολη', 'Local_1 Αλεξανδρούπολης', 'Local_1 Θεσσαλονίκης', 'posted'),
('KA1506892163TH', 456, 'απλό', 'Γιάννης', 'Παύλος', 'Καλαμάτα', 'Θεσσαλονίκη', '2/10/2017', '12:07:06 π.μ.', NULL, NULL, 'Αλεξανδρούπολη', 'Local_1 Αλεξανδρούπολης', 'Local_1 Θεσσαλονίκης', 'posted'),
('KA1506892292TH', 456, 'απλό', 'Γιάννης', 'Παύλος', 'Καλαμάτα', 'Θεσσαλονίκη', '2/10/2017', '12:07:06 π.μ.', NULL, NULL, 'Αλεξανδρούπολη', 'Local_1 Αλεξανδρούπολης', 'Local_1 Θεσσαλονίκης', 'posted'),
('KA1506892741TH', 456, 'απλό', 'Γιάννης', 'Παύλος', 'Καλαμάτα', 'Θεσσαλονίκη', '2/10/2017', '12:07:06 π.μ.', NULL, NULL, 'Αλεξανδρούπολη', 'Local_1 Αλεξανδρούπολης', 'Local_1 Θεσσαλονίκης', 'posted'),
('KA1506892779TH', 456, 'απλό', 'Γιάννης', 'Παύλος', 'Καλαμάτα', 'Θεσσαλονίκη', '2/10/2017', '12:07:06 π.μ.', NULL, NULL, 'Αλεξανδρούπολη', 'Local_1 Αλεξανδρούπολης', 'Local_1 Θεσσαλονίκης', 'posted'),
('KA1506893169TH', 456, 'απλό', 'Γιάννης', 'Παύλος', 'Καλαμάτα', 'Θεσσαλονίκη', '2/10/2017', '12:26:09 π.μ.', NULL, NULL, 'Αλεξανδρούπολη', 'Local_1 Αλεξανδρούπολης', 'Local_1 Θεσσαλονίκης', 'posted'),
('KA1506893197TH', 456, 'απλό', 'Γιάννης', 'Παύλος', 'Καλαμάτα', 'Θεσσαλονίκη', '2/10/2017', '12:26:09 π.μ.', NULL, NULL, 'Αλεξανδρούπολη', 'Local_1 Αλεξανδρούπολης', 'Local_1 Θεσσαλονίκης', 'posted'),
('KA1506893290TH', 456, 'απλό', 'Γιάννης', 'Παύλος', 'Καλαμάτα', 'Θεσσαλονίκη', '2/10/2017', '12:26:09 π.μ.', NULL, NULL, 'Αλεξανδρούπολη', 'Local_1 Αλεξανδρούπολης', 'Local_1 Θεσσαλονίκης', 'posted'),
('KA1506893333TH', 456, 'απλό', 'Γιάννης', 'Παύλος', 'Καλαμάτα', 'Θεσσαλονίκη', '2/10/2017', '12:26:09 π.μ.', NULL, NULL, 'Αλεξανδρούπολη', 'Local_1 Αλεξανδρούπολης', 'Local_1 Θεσσαλονίκης', 'posted'),
('KA1506893369TH', 456, 'απλό', 'Γιάννης', 'Παύλος', 'Καλαμάτα', 'Θεσσαλονίκη', '2/10/2017', '12:26:09 π.μ.', NULL, NULL, 'Αλεξανδρούπολη', 'Local_1 Αλεξανδρούπολης', 'Local_1 Θεσσαλονίκης', 'posted'),
('KA1506893560TH', 456, 'απλό', 'Γιάννης', 'Παύλος', 'Καλαμάτα', 'Θεσσαλονίκη', '2/10/2017', '12:26:09 π.μ.', NULL, NULL, 'Αλεξανδρούπολη', 'Local_1 Αλεξανδρούπολης', 'Local_1 Θεσσαλονίκης', 'posted'),
('KA1506893579TH', 456, 'απλό', 'Γιάννης', 'Παύλος', 'Καλαμάτα', 'Θεσσαλονίκη', '2/10/2017', '12:26:09 π.μ.', NULL, NULL, 'Αλεξανδρούπολη', 'Local_1 Αλεξανδρούπολης', 'Local_1 Θεσσαλονίκης', 'posted'),
('KA1506893621TH', 456, 'απλό', 'Γιάννης', 'Παύλος', 'Καλαμάτα', 'Θεσσαλονίκη', '2/10/2017', '12:26:09 π.μ.', NULL, NULL, 'Αλεξανδρούπολη', 'Local_1 Αλεξανδρούπολης', 'Local_1 Θεσσαλονίκης', 'posted'),
('KA1506893653TH', 456, 'απλό', 'Γιάννης', 'Παύλος', 'Καλαμάτα', 'Θεσσαλονίκη', '2/10/2017', '12:26:09 π.μ.', NULL, NULL, 'Αλεξανδρούπολη', 'Local_1 Αλεξανδρούπολης', 'Local_1 Θεσσαλονίκης', 'posted'),
('KA1506961439HR', 456, 'express', 'μαρία', 'antwnis', 'Καλαμάτα', 'Ηράκλειο', '2/10/2017', '7:23:59 μ.μ.', NULL, NULL, 'Αλεξανδρούπολη', 'Local_1 Αλεξανδρούπολης', '', 'posted'),
('LA1506960181AL', 456, 'express', 'μαρία', 'antwnis', 'Λάρισα', 'Αλεξανδρούπολη', '2/10/2017', '7:03:01 μ.μ.', NULL, NULL, 'Αλεξανδρούπολη', 'Local_1 Αλεξανδρούπολης', 'Local_1 Αλεξανδρούπολης', 'posted'),
('LA1506960260AL', 456, 'express', 'μαρία', 'antwnis', 'Λάρισα', 'Αλεξανδρούπολη', '2/10/2017', '7:04:20 μ.μ.', NULL, NULL, 'Αλεξανδρούπολη', 'Local_1 Αλεξανδρούπολης', 'Local_1 Αλεξανδρούπολης', 'posted'),
('LA1506960290AL', 456, 'express', 'μαρία', 'antwnis', 'Λάρισα', 'Αλεξανδρούπολη', '2/10/2017', '7:04:50 μ.μ.', NULL, NULL, 'Αλεξανδρούπολη', 'Local_1 Αλεξανδρούπολης', 'Local_1 Αλεξανδρούπολης', 'posted'),
('LA1506960509AL', 456, 'express', 'μαρία', 'antwnis', 'Λάρισα', 'Αλεξανδρούπολη', '2/10/2017', '7:08:29 μ.μ.', NULL, NULL, 'Αλεξανδρούπολη', 'Local_1 Αλεξανδρούπολης', 'Local_1 Αλεξανδρούπολης', 'posted'),
('LA1506960579AL', 456, 'express', 'μαρία', 'antwnis', 'Λάρισα', 'Αλεξανδρούπολη', '2/10/2017', '7:09:39 μ.μ.', NULL, NULL, 'Αλεξανδρούπολη', 'Local_1 Αλεξανδρούπολης', 'Local_1 Αλεξανδρούπολης', 'posted'),
('LA1506960626AL', 456, 'express', 'μαρία', 'antwnis', 'Λάρισα', 'Αλεξανδρούπολη', '2/10/2017', '7:10:26 μ.μ.', NULL, NULL, 'Αλεξανδρούπολη', 'Local_1 Αλεξανδρούπολης', 'Local_1 Αλεξανδρούπολης', 'posted'),
('LA1506960663AL', 456, 'express', 'μαρία', 'antwnis', 'Λάρισα', 'Αλεξανδρούπολη', '2/10/2017', '7:11:03 μ.μ.', NULL, NULL, 'Αλεξανδρούπολη', 'Local_1 Αλεξανδρούπολης', 'Local_1 Αλεξανδρούπολης', 'posted'),
('LA1506960707AL', 456, 'express', 'μαρία', 'antwnis', 'Λάρισα', 'Αλεξανδρούπολη', '2/10/2017', '7:11:47 μ.μ.', NULL, NULL, 'Αλεξανδρούπολη', 'Local_1 Αλεξανδρούπολης', 'Local_1 Αλεξανδρούπολης', 'posted'),
('LA1506960959AL', 456, 'express', 'μαρία', 'antwnis', 'Λάρισα', 'Αλεξανδρούπολη', '2/10/2017', '7:15:59 μ.μ.', NULL, NULL, 'Αλεξανδρούπολη', 'Local_1 Αλεξανδρούπολης', 'Local_1 Αλεξανδρούπολης', 'posted'),
('LA1506961068AL', 456, 'express', 'μαρία', 'antwnis', 'Λάρισα', 'Αλεξανδρούπολη', '2/10/2017', '7:17:48 μ.μ.', NULL, NULL, 'Αλεξανδρούπολη', 'Local_1 Αλεξανδρούπολης', 'Local_1 Αλεξανδρούπολης', 'posted'),
('LA1506961267AL', 456, 'express', 'μαρία', 'antwnis', 'Λάρισα', 'Αλεξανδρούπολη', '2/10/2017', '7:21:07 μ.μ.', NULL, NULL, 'Αλεξανδρούπολη', 'Local_1 Αλεξανδρούπολης', 'Local_1 Αλεξανδρούπολης', 'posted'),
('LA1506961620AL', 456, 'express', 'μαρία', 'antwnis', 'Λάρισα', 'Αλεξανδρούπολη', '2/10/2017', '7:27:00 μ.μ.', NULL, NULL, 'Αλεξανδρούπολη', 'Local_1 Αλεξανδρούπολης', 'Local_1 Αλεξανδρούπολης', 'posted'),
('LA1506962280AL', 456, 'express', 'μαρία', 'antwnis', 'Λάρισα', 'Αλεξανδρούπολη', '2/10/2017', '7:38:00 μ.μ.', NULL, NULL, 'Αλεξανδρούπολη', 'Local_1 Αλεξανδρούπολης', 'Local_1 Αλεξανδρούπολης', 'posted'),
('LA1506962406AL', 456, 'express', 'μαρία', 'antwnis', 'Λάρισα', 'Αλεξανδρούπολη', '2/10/2017', '7:40:06 μ.μ.', NULL, NULL, 'Αλεξανδρούπολη', 'Local_1 Αλεξανδρούπολης', 'Local_1 Αλεξανδρούπολης', 'posted'),
('LA1506962427AL', 456, 'express', 'μαρία', 'antwnis', 'Λάρισα', 'Αλεξανδρούπολη', '2/10/2017', '7:40:27 μ.μ.', NULL, NULL, 'Αλεξανδρούπολη', 'Local_1 Αλεξανδρούπολης', 'Local_1 Αλεξανδρούπολης', 'posted'),
('LA1506962970AL', 456, 'express', 'μαρία', 'antwnis', 'Λάρισα', 'Αλεξανδρούπολη', '2/10/2017', '7:49:30 μ.μ.', NULL, NULL, 'Αλεξανδρούπολη', 'Local_1 Αλεξανδρούπολης', 'Local_1 Αλεξανδρούπολης', 'posted'),
('LA1506962999AL', 456, 'express', 'μαρία', 'antwnis', 'Λάρισα', 'Αλεξανδρούπολη', '2/10/2017', '7:49:30 μ.μ.', NULL, NULL, 'Αλεξανδρούπολη', 'Local_1 Αλεξανδρούπολης', 'Local_1 Αλεξανδρούπολης', 'posted'),
('LA1506963002AL', 456, 'express', 'μαρία', 'antwnis', 'Λάρισα', 'Αλεξανδρούπολη', '2/10/2017', '7:50:02 μ.μ.', NULL, NULL, 'Αλεξανδρούπολη', 'Local_1 Αλεξανδρούπολης', 'Local_1 Αλεξανδρούπολης', 'posted'),
('LA1506963028AL', 456, 'express', 'μαρία', 'antwnis', 'Λάρισα', 'Αλεξανδρούπολη', '2/10/2017', '7:50:02 μ.μ.', NULL, NULL, 'Αλεξανδρούπολη', 'Local_1 Αλεξανδρούπολης', 'Local_1 Αλεξανδρούπολης', 'posted'),
('LA1506963031AL', 456, 'express', 'μαρία', 'antwnis', 'Λάρισα', 'Αλεξανδρούπολη', '2/10/2017', '7:50:31 μ.μ.', NULL, NULL, 'Αλεξανδρούπολη', 'Local_1 Αλεξανδρούπολης', 'Local_1 Αλεξανδρούπολης', 'posted'),
('LA1506963080AL', 456, 'express', 'μαρία', 'antwnis', 'Λάρισα', 'Αλεξανδρούπολη', '2/10/2017', '7:50:31 μ.μ.', NULL, NULL, 'Αλεξανδρούπολη', 'Local_1 Αλεξανδρούπολης', 'Local_1 Αλεξανδρούπολης', 'posted'),
('LA1506963987AL', 456, 'express', 'μαρία', 'antwnis', 'Λάρισα', 'Αλεξανδρούπολη', '2/10/2017', '8:06:27 μ.μ.', NULL, NULL, 'Αλεξανδρούπολη', 'Local_1 Αλεξανδρούπολης', 'Local_1 Αλεξανδρούπολης', 'posted'),
('LA1506964029AL', 456, 'express', 'μαρία', 'antwnis', 'Λάρισα', 'Αλεξανδρούπολη', '2/10/2017', '8:06:27 μ.μ.', NULL, NULL, 'Αλεξανδρούπολη', 'Local_1 Αλεξανδρούπολης', 'Local_1 Αλεξανδρούπολης', 'posted'),
('LA1506964089AL', 456, 'express', 'μαρία', 'antwnis', 'Λάρισα', 'Αλεξανδρούπολη', '2/10/2017', '8:06:27 μ.μ.', NULL, NULL, 'Αλεξανδρούπολη', 'Local_1 Αλεξανδρούπολης', 'Local_1 Αλεξανδρούπολης', 'posted'),
('LA1506964129AL', 456, 'express', 'μαρία', 'antwnis', 'Λάρισα', 'Αλεξανδρούπολη', '2/10/2017', '8:06:27 μ.μ.', NULL, NULL, 'Αλεξανδρούπολη', 'Local_1 Αλεξανδρούπολης', 'Local_1 Αλεξανδρούπολης', 'posted'),
('LA1506964147AL', 456, 'express', 'μαρία', 'antwnis', 'Λάρισα', 'Αλεξανδρούπολη', '2/10/2017', '8:06:27 μ.μ.', NULL, NULL, 'Αλεξανδρούπολη', 'Local_1 Αλεξανδρούπολης', 'Local_1 Αλεξανδρούπολης', 'posted'),
('MI1506995264KA', 456, 'express', 'μαρία', 'Παύλος', 'Μυτιλήνη', 'Καλαμάτα', '3/10/2017', '4:47:44 π.μ.', NULL, NULL, 'Αλεξανδρούπολη', 'Local_1 Αλεξανδρούπολης', 'Local_1 Καλαμάτας', 'posted'),
('PA1506889780AL', 456, 'απλό', 'Γιάννης', 'Παύλος', 'Πάτρα', 'Αλεξανδρούπολη', '1/10/2017', '11:29:40 μ.μ.', NULL, NULL, 'Αλεξανδρούπολη', 'Local_1 Αλεξανδρούπολης', 'Local_1 Αλεξανδρούπολης', 'posted'),
('PA1506890990AL', 456, 'απλό', 'Γιάννης', 'Παύλος', 'Πάτρα', 'Αλεξανδρούπολη', '1/10/2017', '11:49:50 μ.μ.', NULL, NULL, 'Αλεξανδρούπολη', 'Local_1 Αλεξανδρούπολης', 'Local_1 Αλεξανδρούπολης', 'posted'),
('PA1506891192AL', 456, 'απλό', 'Γιάννης', 'Παύλος', 'Πάτρα', 'Αλεξανδρούπολη', '1/10/2017', '11:49:50 μ.μ.', NULL, NULL, 'Αλεξανδρούπολη', 'Local_1 Αλεξανδρούπολης', 'Local_1 Αλεξανδρούπολης', 'posted'),
('PA1506891226AL', 456, 'απλό', 'Γιάννης', 'Παύλος', 'Πάτρα', 'Αλεξανδρούπολη', '1/10/2017', '11:49:50 μ.μ.', NULL, NULL, 'Αλεξανδρούπολη', 'Local_1 Αλεξανδρούπολης', 'Local_1 Αλεξανδρούπολης', 'posted'),
('PA1506891508AL', 456, 'απλό', 'Γιάννης', 'Παύλος', 'Πάτρα', 'Αλεξανδρούπολη', '1/10/2017', '11:49:50 μ.μ.', NULL, NULL, 'Αλεξανδρούπολη', 'Local_1 Αλεξανδρούπολης', 'Local_1 Αλεξανδρούπολης', 'posted'),
('PA1506891592AL', 456, 'απλό', 'Γιάννης', 'Παύλος', 'Πάτρα', 'Αλεξανδρούπολη', '1/10/2017', '11:49:50 μ.μ.', NULL, NULL, 'Αλεξανδρούπολη', 'Local_1 Αλεξανδρούπολης', 'Local_1 Αλεξανδρούπολης', 'posted'),
('TH1500568484LA', 234, 'aplo', 'lala', 'lalala', 'Θεσσαλονίκη', 'Λάρισα', '‎20‎/‎7‎/‎2017', '‎7‎:‎34‎:‎44‎ ‎μμ', NULL, NULL, '', '', '', ''),
('TH1500568798LA', 234, 'aplo', 'lala', 'lalala', 'Θεσσαλονίκη', 'Λάρισα', '‎20‎/‎7‎/‎2017', '‎7‎:‎39‎:‎58‎ ‎μμ', NULL, NULL, '', '', '', ''),
('TH1500569298LA', 234, 'aplo', 'lala', 'lalala', 'Θεσσαλονίκη', 'Λάρισα', '‎20‎/‎7‎/‎2017', '‎7‎:‎48‎:‎18‎ ‎μμ', NULL, NULL, '', '', '', ''),
('TH1501101833KA', 12, 'aplo', 'giannis ', 'antwnis', 'Θεσσαλονίκη', 'Καλαμάτα', '26/7/2017', '11:43:53 μ.μ.', NULL, NULL, 'Αλεξανδρούπολη', 'Local_1 Ασπρόπυργου', 'Local_1 Καλαμάτας', 'delivered'),
('TH1506884246AL', 456, 'express', 'μαρία', 'λούλα', 'Θεσσαλονίκη', 'Αλεξανδρούπολη', '1/10/2017', '9:57:26 μ.μ.', NULL, NULL, 'Αλεξανδρούπολη', 'Local_1 Αλεξανδρούπολης', 'Local_1 Αλεξανδρούπολης', 'posted'),
('TH1506884519AL', 456, 'express', 'μαρία', 'λούλα', 'Θεσσαλονίκη', 'Αλεξανδρούπολη', '1/10/2017', '9:57:26 μ.μ.', NULL, NULL, 'Αλεξανδρούπολη', 'Local_1 Αλεξανδρούπολης', 'Local_1 Αλεξανδρούπολης', 'posted'),
('TH1506884537AL', 456, 'express', 'μαρία', 'λούλα', 'Θεσσαλονίκη', 'Αλεξανδρούπολη', '1/10/2017', '9:57:26 μ.μ.', NULL, NULL, 'Αλεξανδρούπολη', 'Local_1 Αλεξανδρούπολης', 'Local_1 Αλεξανδρούπολης', 'posted'),
('TH1506885676AL', 456, 'express', 'μαρία', 'λούλα', 'Θεσσαλονίκη', 'Αλεξανδρούπολη', '1/10/2017', '9:57:26 μ.μ.', NULL, NULL, 'Αλεξανδρούπολη', 'Local_1 Αλεξανδρούπολης', 'Local_1 Αλεξανδρούπολης', 'posted'),
('TH1506885747AL', 456, 'express', 'μαρία', 'λούλα', 'Θεσσαλονίκη', 'Αλεξανδρούπολη', '1/10/2017', '9:57:26 μ.μ.', NULL, NULL, 'Αλεξανδρούπολη', 'Local_1 Αλεξανδρούπολης', 'Local_1 Αλεξανδρούπολης', 'posted'),
('TH1506885767AL', 456, 'express', 'μαρία', 'λούλα', 'Θεσσαλονίκη', 'Αλεξανδρούπολη', '1/10/2017', '9:57:26 μ.μ.', NULL, NULL, 'Αλεξανδρούπολη', 'Local_1 Αλεξανδρούπολης', 'Local_1 Αλεξανδρούπολης', 'posted'),
('TH1506885884AL', 456, 'απλό', 'μαρία', 'λούλα', 'Θεσσαλονίκη', 'Αλεξανδρούπολη', '1/10/2017', '10:24:44 μ.μ.', NULL, NULL, 'Αλεξανδρούπολη', 'Local_1 Αλεξανδρούπολης', 'Local_1 Αλεξανδρούπολης', 'posted'),
('TH1506885992AL', 456, 'απλό', 'μαρία', 'λούλα', 'Θεσσαλονίκη', 'Αλεξανδρούπολη', '1/10/2017', '10:24:44 μ.μ.', NULL, NULL, 'Αλεξανδρούπολη', 'Local_1 Αλεξανδρούπολης', 'Local_1 Αλεξανδρούπολης', 'posted'),
('TH1506995219KA', 456, 'express', 'μαρία', 'Παύλος', 'Θεσσαλονίκη', 'Καλαμάτα', '3/10/2017', '4:46:59 π.μ.', NULL, NULL, 'Αλεξανδρούπολη', 'Local_1 Αλεξανδρούπολης', 'Local_1 Καλαμάτας', 'posted');

-- --------------------------------------------------------

--
-- Δομή πίνακα για τον πίνακα `transit_employee`
--

CREATE TABLE `transit_employee` (
  `username` varchar(50) COLLATE utf8_unicode_ci NOT NULL,
  `password` varchar(50) COLLATE utf8_unicode_ci NOT NULL,
  `όνομα` varchar(50) COLLATE utf8_unicode_ci NOT NULL,
  `επίθετο` varchar(50) COLLATE utf8_unicode_ci NOT NULL,
  `transit_hub` varchar(50) COLLATE utf8_unicode_ci NOT NULL
) ENGINE=InnoDB DEFAULT CHARSET=utf8 COLLATE=utf8_unicode_ci;

--
-- Άδειασμα δεδομένων του πίνακα `transit_employee`
--

INSERT INTO `transit_employee` (`username`, `password`, `όνομα`, `επίθετο`, `transit_hub`) VALUES
('', '', '', '', ''),
('1992', '1992', 'Γιάννης', 'Παπαφίλης', 'Transit Αλεξανδρούπολης'),
('1994', '1994', 'Μαρία', 'Ευαγγέλου', 'Transit Ασπρόπυργου'),
('1995', '1995', 'Στέφανος', 'Σούλης', 'Transit Ηρακλείου'),
('1996', '1996', 'Αφροδίτη', 'Αθανασοπούλου', 'Transit Ιωαννίνων'),
('1997', '1997', 'Ελένη', 'Παπά', 'Transit Καλαμάτας'),
('1998', '1998', 'Σπύρος', 'Βασιλείου', 'Transit Μυτιλήνης'),
('dida', '1993', 'Κωνσταντίνα', 'Βασιλακοπούλου', 'Transit Θεσσαλονίκης'),
('dimitris', '0000', 'Δημήτρης', 'Γεωργίου', 'Transit Πάτρας'),
('george', '1234', 'Γιώργος', 'Αλεξόπουλος', 'Transit Λάρισας'),
('John', 'John', 'Giannis ', 'Aleksioy', 'Transit Πάτρας');

-- --------------------------------------------------------

--
-- Δομή πίνακα για τον πίνακα `transit_hub`
--

CREATE TABLE `transit_hub` (
  `Όνομα` varchar(50) COLLATE utf8_unicode_ci NOT NULL,
  `Πόλη` varchar(20) COLLATE utf8_unicode_ci DEFAULT NULL,
  `ΤΚ` int(10) DEFAULT NULL,
  `Οδός` varchar(50) COLLATE utf8_unicode_ci DEFAULT NULL,
  `Αριθμός` int(50) DEFAULT NULL,
  `Γ_Πλάτος` double NOT NULL,
  `Γ_Μήκος` double NOT NULL,
  `Τηλέφωνο` varchar(50) COLLATE utf8_unicode_ci DEFAULT NULL
) ENGINE=InnoDB DEFAULT CHARSET=utf8 COLLATE=utf8_unicode_ci;

--
-- Άδειασμα δεδομένων του πίνακα `transit_hub`
--

INSERT INTO `transit_hub` (`Όνομα`, `Πόλη`, `ΤΚ`, `Οδός`, `Αριθμός`, `Γ_Πλάτος`, `Γ_Μήκος`, `Τηλέφωνο`) VALUES
('Transit Αλεξανδρούπολης', 'Αλεξανδρούπολη', 68100, 'Αγίου Δημητρίου', 28, 40.855363, 25.861752, '2551045632'),
('Transit Ασπρόπυργου', 'Ασπρόπυργος', 19300, 'Σαλαμίνος', 72, 38.056223, 23.586914, '2107856234'),
('Transit Ηρακλείου', 'Ηράκλειο', 71307, 'Πάροδος 3η Ποσειδώνος', 1, 35.339791, 25.147769, '2815200567'),
('Transit Θεσσαλονίκης', 'Θεσσαλονίκη', 56429, 'Σοφοκλή Βενιζέλου', 12, 40.672303, 22.939476, '2310843743'),
('Transit Ιωαννίνων', 'Ιωάννινα', 45500, NULL, NULL, 38.681888, 20.863035, '2651071333'),
('Transit Καλαμάτας', 'Καλαμάτα ', 24100, 'Καλλιπάτειρας', 41, 37.042211, 22.120987, '2721026998'),
('Transit Λάρισας', 'Λάρισα', 41447, 'Γρηγορίου Λαμπράκη', 23, 39.042031, 22.120944, '2410537925'),
('Transit Μυτιλήνης', 'Μυτιλήνη', 81100, NULL, NULL, 39.091862, 26.53484, '2251055833'),
('Transit Πάτρας', 'Πάτρα ', 26332, 'Μυκηνών', 40, 38.225438, 21.739199, '2610228798');

-- --------------------------------------------------------

--
-- Δομή πίνακα για τον πίνακα `zip_code`
--

CREATE TABLE `zip_code` (
  `ΤΚ` varchar(50) COLLATE utf8_unicode_ci NOT NULL,
  `Πόλη` varchar(50) COLLATE utf8_unicode_ci NOT NULL
) ENGINE=InnoDB DEFAULT CHARSET=utf8 COLLATE=utf8_unicode_ci;

--
-- Άδειασμα δεδομένων του πίνακα `zip_code`
--

INSERT INTO `zip_code` (`ΤΚ`, `Πόλη`) VALUES
('10445', 'Ηράκλειο'),
('19300', 'Ασπρόπυργος'),
('25009', 'Πάτρα'),
('26221', 'Πάτρα'),
('26222', 'Πάτρα'),
('26223', 'Πάτρα'),
('26224', 'Πάτρα'),
('26225', 'Πάτρα'),
('26226', 'Πάτρα'),
('26331', 'Πάτρα'),
('26332', 'Πάτρα'),
('26333', 'Πάτρα'),
('26334', 'Πάτρα'),
('26335', 'Πάτρα'),
('26441', 'Πάτρα'),
('26442', 'Πάτρα'),
('26443', 'Πάτρα'),
('26444', 'Πάτρα'),
('26504', 'Πάτρα'),
('30300', 'Πάτρα'),
('45221', 'Ιωάννινα'),
('45332', 'Ιωάννινα'),
('45333', 'Ιωάννινα'),
('45444', 'Ιωάννινα'),
('45445', 'Ιωάννινα'),
('54248', 'Θεσσαλονίκη'),
('54249', 'Θεσσαλονίκη'),
('54250', 'Θεσσαλονίκη'),
('54351', 'Θεσσαλονίκη'),
('54352', 'Θεσσαλονίκη'),
('54453', 'Θεσσαλονίκη'),
('54454', 'Θεσσαλονίκη'),
('54621', 'Θεσσαλονίκη'),
('54622', 'Θεσσαλονίκη'),
('54623', 'Θεσσαλονίκη'),
('54624', 'Θεσσαλονίκη'),
('54625', 'Θεσσαλονίκη'),
('54626', 'Θεσσαλονίκη'),
('54627', 'Θεσσαλονίκη'),
('54629', 'Θεσσαλονίκη'),
('54630', 'Θεσσαλονίκη'),
('54631', 'Θεσσαλονίκη'),
('54632', 'Θεσσαλονίκη'),
('54633', 'Θεσσαλονίκη'),
('54634', 'Θεσσαλονίκη'),
('54635', 'Θεσσαλονίκη'),
('54636', 'Θεσσαλονίκη'),
('54638', 'Θεσσαλονίκη'),
('54639', 'Θεσσαλονίκη'),
('54640', 'Θεσσαλονίκη'),
('54641', 'Θεσσαλονίκη'),
('54642', 'Θεσσαλονίκη'),
('54643', 'Θεσσαλονίκη'),
('54644', 'Θεσσαλονίκη'),
('54645', 'Θεσσαλονίκη'),
('54646', 'Θεσσαλονίκη'),
('54655', 'Θεσσαλονίκη'),
('55131', 'Θεσσαλονίκη'),
('55337', 'Θεσσαλονίκη'),
('55534', 'Θεσσαλονίκη'),
('56121', 'Θεσσαλονίκη'),
('56122', 'Θεσσαλονίκη'),
('56123', 'Θεσσαλονίκη'),
('56727', 'Θεσσαλονίκη'),
('61100', 'Θεσσαλονίκη'),
('61400', 'Θεσσαλονίκη'),
('65201', 'Αλεξανδρούπολη'),
('65302', 'Αλεξανδρούπολη'),
('65403', 'Αλεξανδρούπολη'),
('65404', 'Αλεξανδρούπολη'),
('68100', 'Αλεξανδρούπολη'),
('68132', 'Αλεξανδρούπολη'),
('69100', 'Αλεξανδρούπολη'),
('71201', 'Ηράκλειο'),
('71202', 'Ηράκλειο'),
('71303', 'Ηράκλειο'),
('71304', 'Ηράκλειο'),
('71305', 'Ηράκλειο'),
('71306', 'Ηράκλειο'),
('71307', 'Ηράκλειο'),
('71409', 'Ηράκλειο'),
('71410', 'Ηράκλειο'),
('73100', 'Ηράκλειο'),
('73131', 'Ηράκλειο'),
('73132', 'Ηράκλειο'),
('73133', 'Ηράκλειο'),
('73134', 'Ηράκλειο'),
('73135', 'Ηράκλειο'),
('73136', 'Ηράκλειο');

--
-- Ευρετήρια για άχρηστους πίνακες
--

--
-- Ευρετήρια για πίνακα `admin`
--
ALTER TABLE `admin`
  ADD PRIMARY KEY (`username`);

--
-- Ευρετήρια για πίνακα `local_employee`
--
ALTER TABLE `local_employee`
  ADD PRIMARY KEY (`username`);

--
-- Ευρετήρια για πίνακα `local_store`
--
ALTER TABLE `local_store`
  ADD PRIMARY KEY (`Όνομα`);

--
-- Ευρετήρια για πίνακα `package`
--
ALTER TABLE `package`
  ADD PRIMARY KEY (`trn`);

--
-- Ευρετήρια για πίνακα `transit_employee`
--
ALTER TABLE `transit_employee`
  ADD PRIMARY KEY (`username`);

--
-- Ευρετήρια για πίνακα `transit_hub`
--
ALTER TABLE `transit_hub`
  ADD PRIMARY KEY (`Όνομα`);

--
-- Ευρετήρια για πίνακα `zip_code`
--
ALTER TABLE `zip_code`
  ADD PRIMARY KEY (`ΤΚ`);

/*!40101 SET CHARACTER_SET_CLIENT=@OLD_CHARACTER_SET_CLIENT */;
/*!40101 SET CHARACTER_SET_RESULTS=@OLD_CHARACTER_SET_RESULTS */;
/*!40101 SET COLLATION_CONNECTION=@OLD_COLLATION_CONNECTION */;
